standard,girder_index,rule_id,combination_name,traffic_action,governing_components,moment_knm,shear_kn,torsion_knm,moment_source_case_id,shear_source_case_id,torsion_source_case_id,factors_json
Eurocode,1,ec_uls_persistent,EN 1990 persistent ULS,lm1,moment;shear;torsion,1487.3768743860771,359.50697069643491,57.16313157454978,640,625,632,"{""G"": 1.35, ""Q_traffic"": 1.35}"
Eurocode,1,ec_sls_characteristic,EN 1990 characteristic SLS,lm1,moment;shear;torsion,1101.7606476933904,266.30145977513695,42.343060425592427,640,625,632,"{""G"": 1.0, ""Q_traffic"": 1.0}"
Eurocode,1,ec_sls_frequent,EN 1990 frequent SLS,lm1,moment;shear;torsion,1025.073243122984,252.72683012547037,31.75729531919432,640,625,632,"{""G"": 1.0, ""Q_traffic"": 0.75}"
Eurocode,1,ec_sls_quasi_permanent,EN 1990 quasi-permanent SLS,lm1,moment;shear;torsion,795.01102941176418,212.00294117647064,0,640,625,632,"{""G"": 1.0, ""Q_traffic"": 0.0}"
Eurocode,2,ec_uls_persistent,EN 1990 persistent ULS,lm1,moment;shear;torsion,1981.5898353968587,592.53072052226844,86.534685248970902,632,711,584,"{""G"": 1.35, ""Q_traffic"": 1.35}"
Eurocode,2,ec_sls_characteristic,EN 1990 characteristic SLS,lm1,moment;shear;torsion,1467.8443225161914,438.9116448313099,64.099766851089555,632,711,584,"{""G"": 1.0, ""Q_traffic"": 1.0}"
Eurocode,2,ec_sls_frequent,EN 1990 frequent SLS,lm1,moment;shear;torsion,1250.9648595342023,369.20549832936479,48.074825138317166,632,711,584,"{""G"": 1.0, ""Q_traffic"": 0.75}"
Eurocode,2,ec_sls_quasi_permanent,EN 1990 quasi-permanent SLS,lm1,moment;shear;torsion,600.32647058823557,160.08705882352945,0,632,711,584,"{""G"": 1.0, ""Q_traffic"": 0.0}"
Eurocode,3,ec_uls_persistent,EN 1990 persistent ULS,lm1,moment;shear;torsion,2368.3369064414719,713.88603462224023,71.339727732596145,632,713,216,"{""G"": 1.35, ""Q_traffic"": 1.35}"
Eurocode,3,ec_sls_characteristic,EN 1990 characteristic SLS,lm1,moment;shear;torsion,1754.3236344010902,528.80447009054831,52.844242764886033,632,713,216,"{""G"": 1.0, ""Q_traffic"": 1.0}"
Eurocode,3,ec_sls_frequent,EN 1990 frequent SLS,lm1,moment;shear;torsion,1472.6239758008178,438.43835256791124,39.633182073664528,632,713,216,"{""G"": 1.0, ""Q_traffic"": 0.75}"
Eurocode,3,ec_sls_quasi_permanent,EN 1990 quasi-permanent SLS,lm1,moment;shear;torsion,627.52499999999998,167.34,0,632,713,216,"{""G"": 1.0, ""Q_traffic"": 0.0}"
Eurocode,4,ec_uls_persistent,EN 1990 persistent ULS,lm1,moment;shear;torsion,2458.970243137755,760.562282068326,66.549672314794506,120,973,592,"{""G"": 1.35, ""Q_traffic"": 1.35}"
Eurocode,4,ec_sls_characteristic,EN 1990 characteristic SLS,lm1,moment;shear;torsion,1821.4594393612997,563.37946819876004,49.296053566514445,120,973,592,"{""G"": 1.0, ""Q_traffic"": 1.0}"
Eurocode,4,ec_sls_frequent,EN 1990 frequent SLS,lm1,moment;shear;torsion,1522.9758295209749,464.36960114907004,36.972040174885834,120,973,592,"{""G"": 1.0, ""Q_traffic"": 0.75}"
Eurocode,4,ec_sls_quasi_permanent,EN 1990 quasi-permanent SLS,lm1,moment;shear;torsion,627.52499999999998,167.34,0,120,973,592,"{""G"": 1.0, ""Q_traffic"": 0.0}"
Eurocode,5,ec_uls_persistent,EN 1990 persistent ULS,lm1,moment;shear;torsion,2368.3369064394692,713.88603462235812,71.339727732615643,376,457,984,"{""G"": 1.35, ""Q_traffic"": 1.35}"
Eurocode,5,ec_sls_characteristic,EN 1990 characteristic SLS,lm1,moment;shear;torsion,1754.3236343996068,528.80447009063562,52.844242764900471,376,457,984,"{""G"": 1.0, ""Q_traffic"": 1.0}"
Eurocode,5,ec_sls_frequent,EN 1990 frequent SLS,lm1,moment;shear;torsion,1472.623975799705,438.43835256797672,39.633182073675357,376,457,984,"{""G"": 1.0, ""Q_traffic"": 0.75}"
Eurocode,5,ec_sls_quasi_permanent,EN 1990 quasi-permanent SLS,lm1,moment;shear;torsion,627.52499999999998,167.34000000000003,0,376,457,984,"{""G"": 1.0, ""Q_traffic"": 0.0}"
Eurocode,6,ec_uls_persistent,EN 1990 persistent ULS,lm1,moment;shear;torsion,1981.5898353953071,592.53072052179687,86.534685248865813,376,455,328,"{""G"": 1.35, ""Q_traffic"": 1.35}"
Eurocode,6,ec_sls_characteristic,EN 1990 characteristic SLS,lm1,moment;shear;torsion,1467.8443225150422,438.9116448309606,64.099766851011708,376,455,328,"{""G"": 1.0, ""Q_traffic"": 1.0}"
Eurocode,6,ec_sls_frequent,EN 1990 frequent SLS,lm1,moment;shear;torsion,1250.9648595333404,369.2054983291028,48.074825138258781,376,455,328,"{""G"": 1.0, ""Q_traffic"": 0.75}"
Eurocode,6,ec_sls_quasi_permanent,EN 1990 quasi-permanent SLS,lm1,moment;shear;torsion,600.32647058823511,160.08705882352939,0,376,455,328,"{""G"": 1.0, ""Q_traffic"": 0.0}"
Eurocode,7,ec_uls_persistent,EN 1990 persistent ULS,lm1,moment;shear;torsion,1487.3768743850442,359.50697069616353,57.163131574491302,384,369,376,"{""G"": 1.35, ""Q_traffic"": 1.35}"
Eurocode,7,ec_sls_characteristic,EN 1990 characteristic SLS,lm1,moment;shear;torsion,1101.7606476926253,266.30145977493595,42.343060425549112,384,369,376,"{""G"": 1.0, ""Q_traffic"": 1.0}"
Eurocode,7,ec_sls_frequent,EN 1990 frequent SLS,lm1,moment;shear;torsion,1025.0732431224101,252.72683012531962,31.757295319161834,384,369,376,"{""G"": 1.0, ""Q_traffic"": 0.75}"
Eurocode,7,ec_sls_quasi_permanent,EN 1990 quasi-permanent SLS,lm1,moment;shear;torsion,795.0110294117643,212.00294117647064,0,384,369,376,"{""G"": 1.0, ""Q_traffic"": 0.0}"
BS 5400,1,bs_combination_1_uls_ha,BS 5400 combination 1 ULS (ha),ha,,1233.4478350820748,300.86669424397542,41.271390513374016,9,10,162,"{""other_superimposed"": 1.2, ""primary_live"": 1.5, ""structural_dead"": 1.15, ""surfacing"": 1.75}"
BS 5400,1,bs_combination_1_uls_hb,BS 5400 combination 1 ULS (hb),hb,shear,1410.206363769511,335.43094775854172,63.683621797355784,136,136,136,"{""other_superimposed"": 1.2, ""primary_live"": 1.3, ""structural_dead"": 1.15, ""surfacing"": 1.75}"
BS 5400,1,bs_combination_1_uls_ha_hb,BS 5400 combination 1 ULS (ha_hb),ha_hb,moment;torsion,1415.3038657884042,333.06188466857839,68.304173852802336,703,703,708,"{""other_superimposed"": 1.2, ""primary_live"": 1.3, ""structural_dead"": 1.15, ""surfacing"": 1.75}"
BS 5400,1,bs_combination_1_sls_ha,BS 5400 combination 1 SLS (ha),ha,,1037.2562092421299,254.1594730422392,33.017112410699212,9,10,162,"{""other_superimposed"": 1.0, ""primary_live"": 1.2, ""structural_dead"": 1.0, ""surfacing"": 1.2}"
BS 5400,1,bs_combination_1_sls_hb,BS 5400 combination 1 SLS (hb),hb,shear,1200.796801583251,285.83825670066653,53.886141520839509,136,136,136,"{""other_superimposed"": 1.0, ""primary_live"": 1.1, ""structural_dead"": 1.0, ""surfacing"": 1.2}"
BS 5400,1,bs_combination_1_sls_ha_hb,BS 5400 combination 1 SLS (ha_hb),ha_hb,moment;torsion,1205.1100725223143,283.83366485531297,57.795839413909668,703,703,708,"{""other_superimposed"": 1.0, ""primary_live"": 1.1, ""structural_dead"": 1.0, ""surfacing"": 1.2}"
BS 5400,1,bs_combination_2_uls_ha,BS 5400 combination 2 ULS (ha),ha,,1182.9800892840819,292.08408343860697,34.39282542781168,9,10,162,"{""other_superimposed"": 1.2, ""primary_live"": 1.25, ""structural_dead"": 1.15, ""surfacing"": 1.75}"
BS 5400,1,bs_combination_2_uls_hb,BS 5400 combination 2 ULS (hb),hb,shear,1336.4271324656042,322.00634493596061,53.886141520839509,136,136,136,"{""other_superimposed"": 1.2, ""primary_live"": 1.1, ""structural_dead"": 1.15, ""surfacing"": 1.75}"
BS 5400,1,bs_combination_2_uls_ha_hb,BS 5400 combination 2 ULS (ha_hb),ha_hb,moment;torsion,1340.7404034046679,320.00175309060705,57.795839413909668,703,703,708,"{""other_superimposed"": 1.2, ""primary_live"": 1.1, ""structural_dead"": 1.15, ""surfacing"": 1.75}"
BS 5400,1,bs_combination_2_sls_ha,BS 5400 combination 2 SLS (ha),ha,,996.88201260373557,247.13338439794444,27.514260342249344,9,10,162,"{""other_superimposed"": 1.0, ""primary_live"": 1.0, ""structural_dead"": 1.0, ""surfacing"": 1.2}"
BS 5400,1,bs_combination_2_sls_hb,BS 5400 combination 2 SLS (hb),hb,shear,1163.9071859312976,279.12595528937601,48.987401382581368,136,136,136,"{""other_superimposed"": 1.0, ""primary_live"": 1.0, ""structural_dead"": 1.0, ""surfacing"": 1.2}"
BS 5400,1,bs_combination_2_sls_ha_hb,BS 5400 combination 2 SLS (ha_hb),ha_hb,moment;torsion,1167.8283413304462,277.30359906632731,52.541672194463331,703,703,708,"{""other_superimposed"": 1.0, ""primary_live"": 1.0, ""structural_dead"": 1.0, ""surfacing"": 1.2}"
BS 5400,1,bs_combination_3_uls_ha,BS 5400 combination 3 ULS (ha),ha,,1182.9800892840819,292.08408343860697,34.39282542781168,9,10,162,"{""other_superimposed"": 1.2, ""primary_live"": 1.25, ""structural_dead"": 1.15, ""surfacing"": 1.75}"
BS 5400,1,bs_combination_3_uls_hb,BS 5400 combination 3 ULS (hb),hb,shear,1336.4271324656042,322.00634493596061,53.886141520839509,136,136,136,"{""other_superimposed"": 1.2, ""primary_live"": 1.1, ""structural_dead"": 1.15, ""surfacing"": 1.75}"
BS 5400,1,bs_combination_3_uls_ha_hb,BS 5400 combination 3 ULS (ha_hb),ha_hb,moment;torsion,1340.7404034046679,320.00175309060705,57.795839413909668,703,703,708,"{""other_superimposed"": 1.2, ""primary_live"": 1.1, ""structural_dead"": 1.15, ""surfacing"": 1.75}"
BS 5400,1,bs_combination_3_sls_ha,BS 5400 combination 3 SLS (ha),ha,,996.88201260373557,247.13338439794444,27.514260342249344,9,10,162,"{""other_superimposed"": 1.0, ""primary_live"": 1.0, ""structural_dead"": 1.0, ""surfacing"": 1.2}"
BS 5400,1,bs_combination_3_sls_hb,BS 5400 combination 3 SLS (hb),hb,shear,1163.9071859312976,279.12595528937601,48.987401382581368,136,136,136,"{""other_superimposed"": 1.0, ""primary_live"": 1.0, ""structural_dead"": 1.0, ""surfacing"": 1.2}"
BS 5400,1,bs_combination_3_sls_ha_hb,BS 5400 combination 3 SLS (ha_hb),ha_hb,moment;torsion,1167.8283413304462,277.30359906632731,52.541672194463331,703,703,708,"{""other_superimposed"": 1.0, ""primary_live"": 1.0, ""structural_dead"": 1.0, ""surfacing"": 1.2}"
BS 5400,2,bs_combination_1_uls_ha,BS 5400 combination 1 ULS (ha),ha,,1490.9472375734094,414.20882274696055,58.513237036906119,179,45,162,"{""other_superimposed"": 1.2, ""primary_live"": 1.5, ""structural_dead"": 1.15, ""surfacing"": 1.75}"
BS 5400,2,bs_combination_1_uls_hb,BS 5400 combination 1 ULS (hb),hb,,1867.7360106088772,646.13455722415972,105.54292655397371,127,118,137,"{""other_superimposed"": 1.2, ""primary_live"": 1.3, ""structural_dead"": 1.15, ""surfacing"": 1.75}"
BS 5400,2,bs_combination_1_uls_ha_hb,BS 5400 combination 1 ULS (ha_hb),ha_hb,moment;shear;torsion,1911.0740757492827,651.1011437740309,107.37440781512669,786,632,708,"{""other_superimposed"": 1.2, ""primary_live"": 1.3, ""structural_dead"": 1.15, ""surfacing"": 1.75}"
BS 5400,2,bs_combination_1_sls_ha,BS 5400 combination 1 SLS (ha),ha,,1227.2198488822569,340.55694055050964,46.810589629524891,179,45,162,"{""other_superimposed"": 1.0, ""primary_live"": 1.2, ""structural_dead"": 1.0, ""surfacing"": 1.2}"
BS 5400,2,bs_combination_1_sls_hb,BS 5400 combination 1 SLS (hb),hb,,1581.6654478907694,547.06882443854238,89.305553237977762,127,118,137,"{""other_superimposed"": 1.0, ""primary_live"": 1.1, ""structural_dead"": 1.0, ""surfacing"": 1.2}"
BS 5400,2,bs_combination_1_sls_ha_hb,BS 5400 combination 1 SLS (ha_hb),ha_hb,moment;shear;torsion,1618.336118394189,551.27132074997189,90.855268151261058,786,632,708,"{""other_superimposed"": 1.0, ""primary_live"": 1.1, ""structural_dead"": 1.0, ""surfacing"": 1.2}"
BS 5400,2,bs_combination_2_uls_ha,BS 5400 combination 2 ULS (ha),ha,,1362.3038254288217,377.13343072050634,48.761030864088433,179,45,162,"{""other_superimposed"": 1.2, ""primary_live"": 1.25, ""structural_dead"": 1.15, ""surfacing"": 1.75}"
BS 5400,2,bs_combination_2_uls_hb,BS 5400 combination 2 ULS (hb),hb,,1691.0207420084166,576.2302362032483,89.305553237977762,127,118,137,"{""other_superimposed"": 1.2, ""primary_live"": 1.1, ""structural_dead"": 1.15, ""surfacing"": 1.75}"
BS 5400,2,bs_combination_2_uls_ha_hb,BS 5400 combination 2 ULS (ha_hb),ha_hb,moment;shear;torsion,1727.6914125118365,580.4327325146777,90.855268151261058,786,632,708,"{""other_superimposed"": 1.2, ""primary_live"": 1.1, ""structural_dead"": 1.15, ""surfacing"": 1.75}"
BS 5400,2,bs_combination_2_sls_ha,BS 5400 combination 2 SLS (ha),ha,,1124.3051191665866,310.89662692934627,39.008824691270746,179,45,162,"{""other_superimposed"": 1.0, ""primary_live"": 1.0, ""structural_dead"": 1.0, ""surfacing"": 1.2}"
BS 5400,2,bs_combination_2_sls_hb,BS 5400 combination 2 SLS (hb),hb,,1493.3078135905389,512.11666392808661,81.186866579979778,127,118,137,"{""other_superimposed"": 1.0, ""primary_live"": 1.0, ""structural_dead"": 1.0, ""surfacing"": 1.2}"
BS 5400,2,bs_combination_2_sls_ha_hb,BS 5400 combination 2 SLS (ha_hb),ha_hb,moment;shear;torsion,1526.6447867754659,515.93711512029518,82.595698319328221,786,632,708,"{""other_superimposed"": 1.0, ""primary_live"": 1.0, ""structural_dead"": 1.0, ""surfacing"": 1.2}"
BS 5400,2,bs_combination_3_uls_ha,BS 5400 combination 3 ULS (ha),ha,,1362.3038254288217,377.13343072050634,48.761030864088433,179,45,162,"{""other_superimposed"": 1.2, ""primary_live"": 1.25, ""structural_dead"": 1.15, ""surfacing"": 1.75}"
BS 5400,2,bs_combination_3_uls_hb,BS 5400 combination 3 ULS (hb),hb,,1691.0207420084166,576.2302362032483,89.305553237977762,127,118,137,"{""other_superimposed"": 1.2, ""primary_live"": 1.1, ""structural_dead"": 1.15, ""surfacing"": 1.75}"
BS 5400,2,bs_combination_3_uls_ha_hb,BS 5400 combination 3 ULS (ha_hb),ha_hb,moment;shear;torsion,1727.6914125118365,580.4327325146777,90.855268151261058,786,632,708,"{""other_superimposed"": 1.2, ""primary_live"": 1.1, ""structural_dead"": 1.15, ""surfacing"": 1.75}"
BS 5400,2,bs_combination_3_sls_ha,BS 5400 combination 3 SLS (ha),ha,,1124.3051191665866,310.89662692934627,39.008824691270746,179,45,162,"{""other_superimposed"": 1.0, ""primary_live"": 1.0, ""structural_dead"": 1.0, ""surfacing"": 1.2}"
BS 5400,2,bs_combination_3_sls_hb,BS 5400 combination 3 SLS (hb),hb,,1493.3078135905389,512.11666392808661,81.186866579979778,127,118,137,"{""other_superimposed"": 1.0, ""primary_live"": 1.0, ""structural_dead"": 1.0, ""surfacing"": 1.2}"
BS 5400,2,bs_combination_3_sls_ha_hb,BS 5400 combination 3 SLS (ha_hb),ha_hb,moment;shear;torsion,1526.6447867754659,515.93711512029518,82.595698319328221,786,632,708,"{""other_superimposed"": 1.0, ""primary_live"": 1.0, ""structural_dead"": 1.0, ""surfacing"": 1.2}"
BS 5400,3,bs_combination_1_uls_ha,BS 5400 combination 1 ULS (ha),ha,,1930.5988779795441,562.56644156455991,38.894057000225743,179,41,25,"{""other_superimposed"": 1.2, ""primary_live"": 1.5, ""structural_dead"": 1.15, ""surfacing"": 1.75}"
BS 5400,3,bs_combination_1_uls_hb,BS 5400 combination 1 ULS (hb),hb,torsion,2209.7662239067613,824.91601197511886,101.47373972296944,127,118,141,"{""other_superimposed"": 1.2, ""primary_live"": 1.3, ""structural_dead"": 1.15, ""surfacing"": 1.75}"
BS 5400,3,bs_combination_1_uls_ha_hb,BS 5400 combination 1 ULS (ha_hb),ha_hb,moment;shear,2423.5887634937208,863.33396874099981,100.14134899830351,786,630,742,"{""other_superimposed"": 1.2, ""primary_live"": 1.3, ""structural_dead"": 1.15, ""surfacing"": 1.75}"
BS 5400,3,bs_combination_1_sls_ha,BS 5400 combination 1 SLS (ha),ha,,1571.1191023836354,457.15715325164797,31.115245600180593,179,41,25,"{""other_superimposed"": 1.0, ""primary_live"": 1.2, ""structural_dead"": 1.0, ""surfacing"": 1.2}"
BS 5400,3,bs_combination_1_sls_hb,BS 5400 combination 1 SLS (hb),hb,torsion,1860.8047856134135,695.60654859433134,85.862395150204918,127,118,141,"{""other_superimposed"": 1.0, ""primary_live"": 1.1, ""structural_dead"": 1.0, ""surfacing"": 1.2}"
BS 5400,3,bs_combination_1_sls_ha_hb,BS 5400 combination 1 SLS (ha_hb),ha_hb,moment;shear,2041.7315498793023,728.11405047315361,84.73498761394913,786,630,742,"{""other_superimposed"": 1.0, ""primary_live"": 1.1, ""structural_dead"": 1.0, ""surfacing"": 1.2}"
BS 5400,3,bs_combination_2_uls_ha,BS 5400 combination 2 ULS (ha),ha,,1737.5230233162865,503.12286797046664,32.411714166854786,179,41,25,"{""other_superimposed"": 1.2, ""primary_live"": 1.25, ""structural_dead"": 1.15, ""surfacing"": 1.75}"
BS 5400,3,bs_combination_2_uls_hb,BS 5400 combination 2 ULS (hb),hb,torsion,1988.5935356134132,729.68354859433134,85.862395150204918,127,118,141,"{""other_superimposed"": 1.2, ""primary_live"": 1.1, ""structural_dead"": 1.15, ""surfacing"": 1.75}"
BS 5400,3,bs_combination_2_uls_ha_hb,BS 5400 combination 2 ULS (ha_hb),ha_hb,moment;shear,2169.520299879302,762.19105047315361,84.73498761394913,786,630,742,"{""other_superimposed"": 1.2, ""primary_live"": 1.1, ""structural_dead"": 1.15, ""surfacing"": 1.75}"
BS 5400,3,bs_combination_2_sls_ha,BS 5400 combination 2 SLS (ha),ha,,1416.6584186530295,409.60229437637327,25.929371333483829,179,41,25,"{""other_superimposed"": 1.0, ""primary_live"": 1.0, ""structural_dead"": 1.0, ""surfacing"": 1.2}"
BS 5400,3,bs_combination_2_sls_hb,BS 5400 combination 2 SLS (hb),hb,torsion,1750.2184414667395,647.99031690393758,78.056722863822642,127,118,141,"{""other_superimposed"": 1.0, ""primary_live"": 1.0, ""structural_dead"": 1.0, ""surfacing"": 1.2}"
BS 5400,3,bs_combination_2_sls_ha_hb,BS 5400 combination 2 SLS (ha_hb),ha_hb,moment;shear,1914.6973180720929,677.54259133923051,77.031806921771931,786,630,742,"{""other_superimposed"": 1.0, ""primary_live"": 1.0, ""structural_dead"": 1.0, ""surfacing"": 1.2}"
BS 5400,3,bs_combination_3_uls_ha,BS 5400 combination 3 ULS (ha),ha,,1737.5230233162865,503.12286797046664,32.411714166854786,179,41,25,"{""other_superimposed"": 1.2, ""primary_live"": 1.25, ""structural_dead"": 1.15, ""surfacing"": 1.75}"
BS 5400,3,bs_combination_3_uls_hb,BS 5400 combination 3 ULS (hb),hb,torsion,1988.5935356134132,729.68354859433134,85.862395150204918,127,118,141,"{""other_superimposed"": 1.2, ""primary_live"": 1.1, ""structural_dead"": 1.15, ""surfacing"": 1.75}"
BS 5400,3,bs_combination_3_uls_ha_hb,BS 5400 combination 3 ULS (ha_hb),ha_hb,moment;shear,2169.520299879302,762.19105047315361,84.73498761394913,786,630,742,"{""other_superimposed"": 1.2, ""primary_live"": 1.1, ""structural_dead"": 1.15, ""surfacing"": 1.75}"
BS 5400,3,bs_combination_3_sls_ha,BS 5400 combination 3 SLS (ha),ha,,1416.6584186530295,409.60229437637327,25.929371333483829,179,41,25,"{""other_superimposed"": 1.0, ""primary_live"": 1.0, ""structural_dead"": 1.0, ""surfacing"": 1.2}"
BS 5400,3,bs_combination_3_sls_hb,BS 5400 combination 3 SLS (hb),hb,torsion,1750.2184414667395,647.99031690393758,78.056722863822642,127,118,141,"{""other_superimposed"": 1.0, ""primary_live"": 1.0, ""structural_dead"": 1.0, ""surfacing"": 1.2}"
BS 5400,3,bs_combination_3_sls_ha_hb,BS 5400 combination 3 SLS (ha_hb),ha_hb,moment;shear,1914.6973180720929,677.54259133923051,77.031806921771931,786,630,742,"{""other_superimposed"": 1.0, ""primary_live"": 1.0, ""structural_dead"": 1.0, ""surfacing"": 1.2}"
BS 5400,4,bs_combination_1_uls_ha,BS 5400 combination 1 ULS (ha),ha,,2060.8921029023213,581.84075522303579,42.585370050433156,179,35,25,"{""other_superimposed"": 1.2, ""primary_live"": 1.5, ""structural_dead"": 1.15, ""surfacing"": 1.75}"
BS 5400,4,bs_combination_1_uls_hb,BS 5400 combination 1 ULS (hb),hb,torsion,2190.351733066746,823.5346120083077,99.53215754177721,131,122,144,"{""other_superimposed"": 1.2, ""primary_live"": 1.3, ""structural_dead"": 1.15, ""surfacing"": 1.75}"
BS 5400,4,bs_combination_1_uls_ha_hb,BS 5400 combination 1 ULS (ha_hb),ha_hb,moment;shear,2381.998612074306,852.21962828665983,98.255299416081115,785,657,760,"{""other_superimposed"": 1.2, ""primary_live"": 1.3, ""structural_dead"": 1.15, ""surfacing"": 1.75}"
BS 5400,4,bs_combination_1_sls_ha,BS 5400 combination 1 SLS (ha),ha,,1675.3536823218574,472.57660417842862,34.068296040346524,179,35,25,"{""other_superimposed"": 1.0, ""primary_live"": 1.2, ""structural_dead"": 1.0, ""surfacing"": 1.2}"
BS 5400,4,bs_combination_1_sls_hb,BS 5400 combination 1 SLS (hb),hb,torsion,1844.3771395180161,694.43767169933722,84.219517919965327,131,122,144,"{""other_superimposed"": 1.0, ""primary_live"": 1.1, ""structural_dead"": 1.0, ""surfacing"": 1.2}"
BS 5400,4,bs_combination_1_sls_ha_hb,BS 5400 combination 1 SLS (ha_hb),ha_hb,moment;shear,2006.5398832936439,718.70960855025055,83.139099505914785,785,657,760,"{""other_superimposed"": 1.0, ""primary_live"": 1.1, ""structural_dead"": 1.0, ""surfacing"": 1.2}"
BS 5400,4,bs_combination_2_uls_ha,BS 5400 combination 2 ULS (ha),ha,,1846.1007107519345,519.18479601919648,35.487808375360963,179,35,25,"{""other_superimposed"": 1.2, ""primary_live"": 1.25, ""structural_dead"": 1.15, ""surfacing"": 1.75}"
BS 5400,4,bs_combination_2_uls_hb,BS 5400 combination 2 ULS (hb),hb,torsion,1972.1658895180158,728.51467169933721,84.219517919965327,131,122,144,"{""other_superimposed"": 1.2, ""primary_live"": 1.1, ""structural_dead"": 1.15, ""surfacing"": 1.75}"
BS 5400,4,bs_combination_2_uls_ha_hb,BS 5400 combination 2 ULS (ha_hb),ha_hb,moment;shear,2134.3286332936436,752.78660855025055,83.139099505914785,785,657,760,"{""other_superimposed"": 1.2, ""primary_live"": 1.1, ""structural_dead"": 1.15, ""surfacing"": 1.75}"
BS 5400,4,bs_combination_2_sls_ha,BS 5400 combination 2 SLS (ha),ha,,1503.5205686015479,422.45183681535718,28.39024670028877,179,35,25,"{""other_superimposed"": 1.0, ""primary_live"": 1.0, ""structural_dead"": 1.0, ""surfacing"": 1.2}"
BS 5400,4,bs_combination_2_sls_hb,BS 5400 combination 2 SLS (hb),hb,torsion,1735.284217743651,646.92770154485197,76.563198109059385,131,122,144,"{""other_superimposed"": 1.0, ""primary_live"": 1.0, ""structural_dead"": 1.0, ""surfacing"": 1.2}"
BS 5400,4,bs_combination_2_sls_ha_hb,BS 5400 combination 2 SLS (ha_hb),ha_hb,moment;shear,1882.7048939033125,668.99309868204591,75.580999550831621,785,657,760,"{""other_superimposed"": 1.0, ""primary_live"": 1.0, ""structural_dead"": 1.0, ""surfacing"": 1.2}"
BS 5400,4,bs_combination_3_uls_ha,BS 5400 combination 3 ULS (ha),ha,,1846.1007107519345,519.18479601919648,35.487808375360963,179,35,25,"{""other_superimposed"": 1.2, ""primary_live"": 1.25, ""structural_dead"": 1.15, ""surfacing"": 1.75}"
BS 5400,4,bs_combination_3_uls_hb,BS 5400 combination 3 ULS (hb),hb,torsion,1972.1658895180158,728.51467169933721,84.219517919965327,131,122,144,"{""other_superimposed"": 1.2, ""primary_live"": 1.1, ""structural_dead"": 1.15, ""surfacing"": 1.75}"
BS 5400,4,bs_combination_3_uls_ha_hb,BS 5400 combination 3 ULS (ha_hb),ha_hb,moment;shear,2134.3286332936436,752.78660855025055,83.139099505914785,785,657,760,"{""other_superimposed"": 1.2, ""primary_live"": 1.1, ""structural_dead"": 1.15, ""surfacing"": 1.75}"
BS 5400,4,bs_combination_3_sls_ha,BS 5400 combination 3 SLS (ha),ha,,1503.5205686015479,422.45183681535718,28.39024670028877,179,35,25,"{""other_superimposed"": 1.0, ""primary_live"": 1.0, ""structural_dead"": 1.0, ""surfacing"": 1.2}"
BS 5400,4,bs_combination_3_sls_hb,BS 5400 combination 3 SLS (hb),hb,torsion,1735.284217743651,646.92770154485197,76.563198109059385,131,122,144,"{""other_superimposed"": 1.0, ""primary_live"": 1.0, ""structural_dead"": 1.0, ""surfacing"": 1.2}"
BS 5400,4,bs_combination_3_sls_ha_hb,BS 5400 combination 3 SLS (ha_hb),ha_hb,moment;shear,1882.7048939033125,668.99309868204591,75.580999550831621,785,657,760,"{""other_superimposed"": 1.0, ""primary_live"": 1.0, ""structural_dead"": 1.0, ""surfacing"": 1.2}"
BS 5400,5,bs_combination_1_uls_ha,BS 5400 combination 1 ULS (ha),ha,,1930.5988779816041,562.56644129633901,38.894057000174563,179,137,8,"{""other_superimposed"": 1.2, ""primary_live"": 1.5, ""structural_dead"": 1.15, ""surfacing"": 1.75}"
BS 5400,5,bs_combination_1_uls_hb,BS 5400 combination 1 ULS (hb),hb,torsion,2209.7662239985539,824.91601196618979,101.47373972394369,135,126,139,"{""other_superimposed"": 1.2, ""primary_live"": 1.3, ""structural_dead"": 1.15, ""surfacing"": 1.75}"
BS 5400,5,bs_combination_1_uls_ha_hb,BS 5400 combination 1 ULS (ha_hb),ha_hb,moment;shear,2425.1185479653232,864.06942478001122,95.036886404564584,832,676,734,"{""other_superimposed"": 1.2, ""primary_live"": 1.3, ""structural_dead"": 1.15, ""surfacing"": 1.75}"
BS 5400,5,bs_combination_1_sls_ha,BS 5400 combination 1 SLS (ha),ha,,1571.1191023852834,457.15715303707123,31.115245600139648,179,137,8,"{""other_superimposed"": 1.0, ""primary_live"": 1.2, ""structural_dead"": 1.0, ""surfacing"": 1.2}"
BS 5400,5,bs_combination_1_sls_hb,BS 5400 combination 1 SLS (hb),hb,torsion,1860.8047856910839,695.60654858677606,85.862395151029276,135,126,139,"{""other_superimposed"": 1.0, ""primary_live"": 1.1, ""structural_dead"": 1.0, ""surfacing"": 1.2}"
BS 5400,5,bs_combination_1_sls_ha_hb,BS 5400 combination 1 SLS (ha_hb),ha_hb,moment;shear,2043.0259828937351,728.73635942924022,80.415826957708489,832,676,734,"{""other_superimposed"": 1.0, ""primary_live"": 1.1, ""structural_dead"": 1.0, ""surfacing"": 1.2}"
BS 5400,5,bs_combination_2_uls_ha,BS 5400 combination 2 ULS (ha),ha,,1737.5230233180034,503.12286774694917,32.411714166812132,179,137,8,"{""other_superimposed"": 1.2, ""primary_live"": 1.25, ""structural_dead"": 1.15, ""surfacing"": 1.75}"
BS 5400,5,bs_combination_2_uls_hb,BS 5400 combination 2 ULS (hb),hb,torsion,1988.5935356910838,729.68354858677606,85.862395151029276,135,126,139,"{""other_superimposed"": 1.2, ""primary_live"": 1.1, ""structural_dead"": 1.15, ""surfacing"": 1.75}"
BS 5400,5,bs_combination_2_uls_ha_hb,BS 5400 combination 2 ULS (ha_hb),ha_hb,moment;shear,2170.8147328937348,762.81335942924022,80.415826957708489,832,676,734,"{""other_superimposed"": 1.2, ""primary_live"": 1.1, ""structural_dead"": 1.15, ""surfacing"": 1.75}"
BS 5400,5,bs_combination_2_sls_ha,BS 5400 combination 2 SLS (ha),ha,,1416.6584186544028,409.60229419755933,25.929371333449708,179,137,8,"{""other_superimposed"": 1.0, ""primary_live"": 1.0, ""structural_dead"": 1.0, ""surfacing"": 1.2}"
BS 5400,5,bs_combination_2_sls_hb,BS 5400 combination 2 SLS (hb),hb,torsion,1750.218441537349,647.99031689706908,78.056722864572066,135,126,139,"{""other_superimposed"": 1.0, ""primary_live"": 1.0, ""structural_dead"": 1.0, ""surfacing"": 1.2}"
BS 5400,5,bs_combination_2_sls_ha_hb,BS 5400 combination 2 SLS (ha_hb),ha_hb,moment;shear,1915.8740753579409,678.10832675385473,73.105297234280442,832,676,734,"{""other_superimposed"": 1.0, ""primary_live"": 1.0, ""structural_dead"": 1.0, ""surfacing"": 1.2}"
BS 5400,5,bs_combination_3_uls_ha,BS 5400 combination 3 ULS (ha),ha,,1737.5230233180034,503.12286774694917,32.411714166812132,179,137,8,"{""other_superimposed"": 1.2, ""primary_live"": 1.25, ""structural_dead"": 1.15, ""surfacing"": 1.75}"
BS 5400,5,bs_combination_3_uls_hb,BS 5400 combination 3 ULS (hb),hb,torsion,1988.5935356910838,729.68354858677606,85.862395151029276,135,126,139,"{""other_superimposed"": 1.2, ""primary_live"": 1.1, ""structural_dead"": 1.15, ""surfacing"": 1.75}"
BS 5400,5,bs_combination_3_uls_ha_hb,BS 5400 combination 3 ULS (ha_hb),ha_hb,moment;shear,2170.8147328937348,762.81335942924022,80.415826957708489,832,676,734,"{""other_superimposed"": 1.2, ""primary_live"": 1.1, ""structural_dead"": 1.15, ""surfacing"": 1.75}"
BS 5400,5,bs_combination_3_sls_ha,BS 5400 combination 3 SLS (ha),ha,,1416.6584186544028,409.60229419755933,25.929371333449708,179,137,8,"{""other_superimposed"": 1.0, ""primary_live"": 1.0, ""structural_dead"": 1.0, ""surfacing"": 1.2}"
BS 5400,5,bs_combination_3_sls_hb,BS 5400 combination 3 SLS (hb),hb,torsion,1750.218441537349,647.99031689706908,78.056722864572066,135,126,139,"{""other_superimposed"": 1.0, ""primary_live"": 1.0, ""structural_dead"": 1.0, ""surfacing"": 1.2}"
BS 5400,5,bs_combination_3_sls_ha_hb,BS 5400 combination 3 SLS (ha_hb),ha_hb,moment;shear,1915.8740753579409,678.10832675385473,73.105297234280442,832,676,734,"{""other_superimposed"": 1.0, ""primary_live"": 1.0, ""structural_dead"": 1.0, ""surfacing"": 1.2}"
BS 5400,6,bs_combination_1_uls_ha,BS 5400 combination 1 ULS (ha),ha,,1490.9472375750472,414.20882267990538,58.513237036992876,179,205,178,"{""other_superimposed"": 1.2, ""primary_live"": 1.5, ""structural_dead"": 1.15, ""surfacing"": 1.75}"
BS 5400,6,bs_combination_1_uls_hb,BS 5400 combination 1 ULS (hb),hb,,1867.7360106734757,646.13455721008518,105.54292655932146,135,126,143,"{""other_superimposed"": 1.2, ""primary_live"": 1.3, ""structural_dead"": 1.15, ""surfacing"": 1.75}"
BS 5400,6,bs_combination_1_uls_ha_hb,BS 5400 combination 1 ULS (ha_hb),ha_hb,moment;shear;torsion,1912.0275864006746,651.28370622658554,110.41625598608735,832,678,746,"{""other_superimposed"": 1.2, ""primary_live"": 1.3, ""structural_dead"": 1.15, ""surfacing"": 1.75}"
BS 5400,6,bs_combination_1_sls_ha,BS 5400 combination 1 SLS (ha),ha,,1227.219848883567,340.55694049686542,46.810589629594297,179,205,178,"{""other_superimposed"": 1.0, ""primary_live"": 1.2, ""structural_dead"": 1.0, ""surfacing"": 1.2}"
BS 5400,6,bs_combination_1_sls_hb,BS 5400 combination 1 SLS (hb),hb,,1581.6654479454294,547.06882442663311,89.305553242502768,135,126,143,"{""other_superimposed"": 1.0, ""primary_live"": 1.1, ""structural_dead"": 1.0, ""surfacing"": 1.2}"
BS 5400,6,bs_combination_1_sls_ha_hb,BS 5400 combination 1 SLS (ha_hb),ha_hb,moment;shear;torsion,1619.142935099213,551.42579667136431,93.429139680535457,832,678,746,"{""other_superimposed"": 1.0, ""primary_live"": 1.1, ""structural_dead"": 1.0, ""surfacing"": 1.2}"
BS 5400,6,bs_combination_2_uls_ha,BS 5400 combination 2 ULS (ha),ha,,1362.3038254301864,377.13343066462704,48.76103086416073,179,205,178,"{""other_superimposed"": 1.2, ""primary_live"": 1.25, ""structural_dead"": 1.15, ""surfacing"": 1.75}"
BS 5400,6,bs_combination_2_uls_hb,BS 5400 combination 2 ULS (hb),hb,,1691.0207420630768,576.23023619133903,89.305553242502768,135,126,143,"{""other_superimposed"": 1.2, ""primary_live"": 1.1, ""structural_dead"": 1.15, ""surfacing"": 1.75}"
BS 5400,6,bs_combination_2_uls_ha_hb,BS 5400 combination 2 ULS (ha_hb),ha_hb,moment;shear;torsion,1728.4982292168604,580.58720843607023,93.429139680535457,832,678,746,"{""other_superimposed"": 1.2, ""primary_live"": 1.1, ""structural_dead"": 1.15, ""surfacing"": 1.75}"
BS 5400,6,bs_combination_2_sls_ha,BS 5400 combination 2 SLS (ha),ha,,1124.3051191676782,310.89662688464273,39.008824691328584,179,205,178,"{""other_superimposed"": 1.0, ""primary_live"": 1.0, ""structural_dead"": 1.0, ""surfacing"": 1.2}"
BS 5400,6,bs_combination_2_sls_hb,BS 5400 combination 2 SLS (hb),hb,,1493.3078136402298,512.11666391725998,81.186866584093423,135,126,143,"{""other_superimposed"": 1.0, ""primary_live"": 1.0, ""structural_dead"": 1.0, ""surfacing"": 1.2}"
BS 5400,6,bs_combination_2_sls_ha_hb,BS 5400 combination 2 SLS (ha_hb),ha_hb,moment;shear;torsion,1527.3782565073059,516.07754777610648,84.935581527759496,832,678,746,"{""other_superimposed"": 1.0, ""primary_live"": 1.0, ""structural_dead"": 1.0, ""surfacing"": 1.2}"
BS 5400,6,bs_combination_3_uls_ha,BS 5400 combination 3 ULS (ha),ha,,1362.3038254301864,377.13343066462704,48.76103086416073,179,205,178,"{""other_superimposed"": 1.2, ""primary_live"": 1.25, ""structural_dead"": 1.15, ""surfacing"": 1.75}"
BS 5400,6,bs_combination_3_uls_hb,BS 5400 combination 3 ULS (hb),hb,,1691.0207420630768,576.23023619133903,89.305553242502768,135,126,143,"{""other_superimposed"": 1.2, ""primary_live"": 1.1, ""structural_dead"": 1.15, ""surfacing"": 1.75}"
BS 5400,6,bs_combination_3_uls_ha_hb,BS 5400 combination 3 ULS (ha_hb),ha_hb,moment;shear;torsion,1728.4982292168604,580.58720843607023,93.429139680535457,832,678,746,"{""other_superimposed"": 1.2, ""primary_live"": 1.1, ""structural_dead"": 1.15, ""surfacing"": 1.75}"
BS 5400,6,bs_combination_3_sls_ha,BS 5400 combination 3 SLS (ha),ha,,1124.3051191676782,310.89662688464273,39.008824691328584,179,205,178,"{""other_superimposed"": 1.0, ""primary_live"": 1.0, ""structural_dead"": 1.0, ""surfacing"": 1.2}"
BS 5400,6,bs_combination_3_sls_hb,BS 5400 combination 3 SLS (hb),hb,,1493.3078136402298,512.11666391725998,81.186866584093423,135,126,143,"{""other_superimposed"": 1.0, ""primary_live"": 1.0, ""structural_dead"": 1.0, ""surfacing"": 1.2}"
BS 5400,6,bs_combination_3_sls_ha_hb,BS 5400 combination 3 SLS (ha_hb),ha_hb,moment;shear;torsion,1527.3782565073059,516.07754777610648,84.935581527759496,832,678,746,"{""other_superimposed"": 1.0, ""primary_live"": 1.0, ""structural_dead"": 1.0, ""surfacing"": 1.2}"
BS 5400,7,bs_combination_1_uls_ha,BS 5400 combination 1 ULS (ha),ha,,1233.4478350820502,300.86669424401225,41.27139051347595,26,27,178,"{""other_superimposed"": 1.2, ""primary_live"": 1.5, ""structural_dead"": 1.15, ""surfacing"": 1.75}"
BS 5400,7,bs_combination_1_uls_hb,BS 5400 combination 1 ULS (hb),hb,shear,1410.206363772857,335.43094776062736,63.683621800490101,144,144,144,"{""other_superimposed"": 1.2, ""primary_live"": 1.3, ""structural_dead"": 1.15, ""surfacing"": 1.75}"
BS 5400,7,bs_combination_1_uls_ha_hb,BS 5400 combination 1 ULS (ha_hb),ha_hb,moment;torsion,1415.3038918346801,333.06189211542221,68.367030728593889,760,760,754,"{""other_superimposed"": 1.2, ""primary_live"": 1.3, ""structural_dead"": 1.15, ""surfacing"": 1.75}"
BS 5400,7,bs_combination_1_sls_ha,BS 5400 combination 1 SLS (ha),ha,,1037.2562092421103,254.15947304226867,33.017112410780761,26,27,178,"{""other_superimposed"": 1.0, ""primary_live"": 1.2, ""structural_dead"": 1.0, ""surfacing"": 1.2}"
BS 5400,7,bs_combination_1_sls_hb,BS 5400 combination 1 SLS (hb),hb,shear,1200.7968015860822,285.83825670243135,53.886141523491624,144,144,144,"{""other_superimposed"": 1.0, ""primary_live"": 1.1, ""structural_dead"": 1.0, ""surfacing"": 1.2}"
BS 5400,7,bs_combination_1_sls_ha_hb,BS 5400 combination 1 SLS (ha_hb),ha_hb,moment;torsion,1205.1100945614712,283.83367115648855,57.849026001117913,760,760,754,"{""other_superimposed"": 1.0, ""primary_live"": 1.1, ""structural_dead"": 1.0, ""surfacing"": 1.2}"
BS 5400,7,bs_combination_2_uls_ha,BS 5400 combination 2 ULS (ha),ha,,1182.9800892840615,292.08408343863766,34.392825427896625,26,27,178,"{""other_superimposed"": 1.2, ""primary_live"": 1.25, ""structural_dead"": 1.15, ""surfacing"": 1.75}"
BS 5400,7,bs_combination_2_uls_hb,BS 5400 combination 2 ULS (hb),hb,shear,1336.4271324684355,322.00634493772543,53.886141523491624,144,144,144,"{""other_superimposed"": 1.2, ""primary_live"": 1.1, ""structural_dead"": 1.15, ""surfacing"": 1.75}"
BS 5400,7,bs_combination_2_uls_ha_hb,BS 5400 combination 2 ULS (ha_hb),ha_hb,moment;torsion,1340.7404254438245,320.00175939178263,57.849026001117913,760,760,754,"{""other_superimposed"": 1.2, ""primary_live"": 1.1, ""structural_dead"": 1.15, ""surfacing"": 1.75}"
BS 5400,7,bs_combination_2_sls_ha,BS 5400 combination 2 SLS (ha),ha,,996.88201260371943,247.133384397969,27.5142603423173,26,27,178,"{""other_superimposed"": 1.0, ""primary_live"": 1.0, ""structural_dead"": 1.0, ""surfacing"": 1.2}"
BS 5400,7,bs_combination_2_sls_hb,BS 5400 combination 2 SLS (hb),hb,shear,1163.9071859338715,279.12595529098036,48.987401384992381,144,144,144,"{""other_superimposed"": 1.0, ""primary_live"": 1.0, ""structural_dead"": 1.0, ""surfacing"": 1.2}"
BS 5400,7,bs_combination_2_sls_ha_hb,BS 5400 combination 2 SLS (ha_hb),ha_hb,moment;torsion,1167.8283613660433,277.30360479466873,52.590023637379915,760,760,754,"{""other_superimposed"": 1.0, ""primary_live"": 1.0, ""structural_dead"": 1.0, ""surfacing"": 1.2}"
BS 5400,7,bs_combination_3_uls_ha,BS 5400 combination 3 ULS (ha),ha,,1182.9800892840615,292.08408343863766,34.392825427896625,26,27,178,"{""other_superimposed"": 1.2, ""primary_live"": 1.25, ""structural_dead"": 1.15, ""surfacing"": 1.75}"
BS 5400,7,bs_combination_3_uls_hb,BS 5400 combination 3 ULS (hb),hb,shear,1336.4271324684355,322.00634493772543,53.886141523491624,144,144,144,"{""other_superimposed"": 1.2, ""primary_live"": 1.1, ""structural_dead"": 1.15, ""surfacing"": 1.75}"
BS 5400,7,bs_combination_3_uls_ha_hb,BS 5400 combination 3 ULS (ha_hb),ha_hb,moment;torsion,1340.7404254438245,320.00175939178263,57.849026001117913,760,760,754,"{""other_superimposed"": 1.2, ""primary_live"": 1.1, ""structural_dead"": 1.15, ""surfacing"": 1.75}"
BS 5400,7,bs_combination_3_sls_ha,BS 5400 combination 3 SLS (ha),ha,,996.88201260371943,247.133384397969,27.5142603423173,26,27,178,"{""other_superimposed"": 1.0, ""primary_live"": 1.0, ""structural_dead"": 1.0, ""surfacing"": 1.2}"
BS 5400,7,bs_combination_3_sls_hb,BS 5400 combination 3 SLS (hb),hb,shear,1163.9071859338715,279.12595529098036,48.987401384992381,144,144,144,"{""other_superimposed"": 1.0, ""primary_live"": 1.0, ""structural_dead"": 1.0, ""surfacing"": 1.2}"
BS 5400,7,bs_combination_3_sls_ha_hb,BS 5400 combination 3 SLS (ha_hb),ha_hb,moment;torsion,1167.8283613660433,277.30360479466873,52.590023637379915,760,760,754,"{""other_superimposed"": 1.0, ""primary_live"": 1.0, ""structural_dead"": 1.0, ""surfacing"": 1.2}"
