scope,girder_index,stage,label,internal_fe_value,analytical_reference_value,absolute_difference,relative_difference,unit,status,source
stage,1,precast_girder,G1 precast_girder left reaction,85.27500000000127,85.275000000000006,1.2647660696529783e-12,1.4831616178867891e-14,kN,pass,independent native beam-FE cross-check of construction-stage equations
stage,1,precast_girder,G1 precast_girder right reaction,85.274999999999906,85.275000000000006,9.9475983006414026e-14,1.1665316095738965e-15,kN,pass,independent native beam-FE cross-check of construction-stage equations
stage,1,precast_girder,G1 precast_girder maximum shear,85.27500000000127,85.275000000000006,1.2647660696529783e-12,1.4831616178867891e-14,kN,pass,independent native beam-FE cross-check of construction-stage equations
stage,1,precast_girder,G1 precast_girder maximum moment,319.78125000000739,319.78125,7.3896444519050419e-12,2.3108435694415701e-14,kNm,pass,independent native beam-FE cross-check of construction-stage equations
stage,1,precast_girder,G1 precast_girder maximum deflection,8.4596622814857731,8.4596622814855973,1.758593271006248e-13,2.0787984348441221e-14,mm,pass,independent native beam-FE cross-check of construction-stage equations
stage,1,deck_construction,G1 deck_construction left reaction,39.375000000000455,39.375,4.5474735088646412e-13,1.1549139070132288e-14,kN,pass,independent native beam-FE cross-check of construction-stage equations
stage,1,deck_construction,G1 deck_construction right reaction,39.375000000000227,39.375,2.2737367544323206e-13,5.7745695350661779e-15,kN,pass,independent native beam-FE cross-check of construction-stage equations
stage,1,deck_construction,G1 deck_construction maximum shear,39.375000000000455,39.375,4.5474735088646412e-13,1.1549139070132288e-14,kN,pass,independent native beam-FE cross-check of construction-stage equations
stage,1,deck_construction,G1 deck_construction maximum moment,147.65625000000358,147.65625,3.5811353882309049e-12,2.4253192047277498e-14,kNm,pass,independent native beam-FE cross-check of construction-stage equations
stage,1,deck_construction,G1 deck_construction maximum deflection,3.9061765151979175,3.9061765151978332,8.4376949871511897e-14,2.1600905525703488e-14,mm,pass,independent native beam-FE cross-check of construction-stage equations
stage,1,superimposed,G1 superimposed left reaction,87.352941176469628,87.352941176470608,9.8054897534893826e-13,1.1225139785139359e-14,kN,pass,independent native beam-FE cross-check of construction-stage equations
stage,1,superimposed,G1 superimposed right reaction,87.352941176468718,87.35294117647058,1.8616219676914625e-12,2.1311497273235598e-14,kN,pass,independent native beam-FE cross-check of construction-stage equations
stage,1,superimposed,G1 superimposed maximum shear,87.352941176469628,87.352941176470608,9.8054897534893826e-13,1.1225139785139359e-14,kN,pass,independent native beam-FE cross-check of construction-stage equations
stage,1,superimposed,G1 superimposed maximum moment,327.5735294117577,327.57352941176475,7.0485839387401938e-12,2.1517562641271968e-14,kNm,pass,independent native beam-FE cross-check of construction-stage equations
stage,1,superimposed,G1 superimposed maximum deflection,2.8946214802290444,2.8946214802290933,4.8849813083506888e-14,1.6876062523947241e-14,mm,pass,independent native beam-FE cross-check of construction-stage equations
stage,2,precast_girder,G2 precast_girder left reaction,91.350000000002368,91.350000000000023,2.3447910280083306e-12,2.5668210487227913e-14,kN,pass,independent native beam-FE cross-check of construction-stage equations
stage,2,precast_girder,G2 precast_girder right reaction,91.350000000000549,91.349999999999994,5.5422333389287814e-13,6.0670315697085364e-15,kN,pass,independent native beam-FE cross-check of construction-stage equations
stage,2,precast_girder,G2 precast_girder maximum shear,91.350000000002368,91.350000000000023,2.3447910280083306e-12,2.5668210487227913e-14,kN,pass,independent native beam-FE cross-check of construction-stage equations
stage,2,precast_girder,G2 precast_girder maximum moment,342.56250000001143,342.56250000000011,1.1311840353300795e-11,3.3021245329831539e-14,kNm,pass,independent native beam-FE cross-check of construction-stage equations
stage,2,precast_girder,G2 precast_girder maximum deflection,9.0623295152591918,9.0623295152589805,2.1138646388862981e-13,2.3325841720133473e-14,mm,pass,independent native beam-FE cross-check of construction-stage equations
stage,2,deck_construction,G2 deck_construction left reaction,53.550000000000729,53.549999999999997,7.3185901783290319e-13,1.3666835066907437e-14,kN,pass,independent native beam-FE cross-check of construction-stage equations
stage,2,deck_construction,G2 deck_construction right reaction,53.550000000000729,53.549999999999997,7.3185901783290319e-13,1.3666835066907437e-14,kN,pass,independent native beam-FE cross-check of construction-stage equations
stage,2,deck_construction,G2 deck_construction maximum shear,53.550000000000729,53.549999999999997,7.3185901783290319e-13,1.3666835066907437e-14,kN,pass,independent native beam-FE cross-check of construction-stage equations
stage,2,deck_construction,G2 deck_construction maximum moment,200.81250000000563,200.8125,5.6274984672199935e-12,2.8023646273114652e-14,kNm,pass,independent native beam-FE cross-check of construction-stage equations
stage,2,deck_construction,G2 deck_construction maximum deflection,5.3124000606691837,5.3124000606690531,1.3056222769591841e-13,2.457688167398145e-14,mm,pass,independent native beam-FE cross-check of construction-stage equations
stage,2,superimposed,G2 superimposed left reaction,15.187058823529661,15.187058823529412,2.4868995751603507e-13,1.6375123083788545e-14,kN,pass,independent native beam-FE cross-check of construction-stage equations
stage,2,superimposed,G2 superimposed right reaction,15.187058823529888,15.187058823529412,4.7606363295926712e-13,3.1346664188966179e-14,kN,pass,independent native beam-FE cross-check of construction-stage equations
stage,2,superimposed,G2 superimposed maximum shear,15.187058823529888,15.187058823529412,4.7606363295926712e-13,3.1346664188966179e-14,kN,pass,independent native beam-FE cross-check of construction-stage equations
stage,2,superimposed,G2 superimposed maximum moment,56.951470588236859,56.951470588235303,1.5560885913146194e-12,2.7323062516949729e-14,kNm,pass,independent native beam-FE cross-check of construction-stage equations
stage,2,superimposed,G2 superimposed maximum deflection,0.44319959548053367,0.44319959548052323,1.0436096431476471e-14,2.3547170480066128e-14,mm,pass,independent native beam-FE cross-check of construction-stage equations
stage,3,precast_girder,G3 precast_girder left reaction,91.350000000000549,91.350000000000023,5.2580162446247414e-13,5.7559017456209195e-15,kN,pass,independent native beam-FE cross-check of construction-stage equations
stage,3,precast_girder,G3 precast_girder right reaction,91.350000000000549,91.349999999999994,5.5422333389287814e-13,6.0670315697085364e-15,kN,pass,independent native beam-FE cross-check of construction-stage equations
stage,3,precast_girder,G3 precast_girder maximum shear,91.350000000000549,91.350000000000023,5.2580162446247414e-13,5.7559017456209195e-15,kN,pass,independent native beam-FE cross-check of construction-stage equations
stage,3,precast_girder,G3 precast_girder maximum moment,342.56250000000097,342.56250000000011,8.5265128291212022e-13,2.4890385927009459e-15,kNm,pass,independent native beam-FE cross-check of construction-stage equations
stage,3,precast_girder,G3 precast_girder maximum deflection,9.0623295152589964,9.0623295152589805,1.5987211554602254e-14,1.7641392897580317e-15,mm,pass,independent native beam-FE cross-check of construction-stage equations
stage,3,deck_construction,G3 deck_construction left reaction,53.550000000000274,53.549999999999997,2.7711166694643907e-13,5.1748210447514037e-15,kN,pass,independent native beam-FE cross-check of construction-stage equations
stage,3,deck_construction,G3 deck_construction right reaction,53.54999999999982,53.549999999999997,1.7763568394002505e-13,3.3171929774047628e-15,kN,pass,independent native beam-FE cross-check of construction-stage equations
stage,3,deck_construction,G3 deck_construction maximum shear,53.550000000000274,53.549999999999997,2.7711166694643907e-13,5.1748210447514037e-15,kN,pass,independent native beam-FE cross-check of construction-stage equations
stage,3,deck_construction,G3 deck_construction maximum moment,200.81250000000131,200.8125,1.3073986337985843e-12,6.5105440836530385e-15,kNm,pass,independent native beam-FE cross-check of construction-stage equations
stage,3,deck_construction,G3 deck_construction maximum deflection,5.3124000606690656,5.3124000606690531,1.2434497875801753e-14,2.3406553975220949e-15,mm,pass,independent native beam-FE cross-check of construction-stage equations
stage,3,superimposed,G3 superimposed left reaction,22.439999999999991,22.440000000000001,1.0658141036401503e-14,4.7496172176477278e-16,kN,pass,independent native beam-FE cross-check of construction-stage equations
stage,3,superimposed,G3 superimposed right reaction,22.440000000000332,22.440000000000001,3.3040237212844659e-13,1.4723813374707741e-14,kN,pass,independent native beam-FE cross-check of construction-stage equations
stage,3,superimposed,G3 superimposed maximum shear,22.440000000000332,22.440000000000001,3.3040237212844659e-13,1.4723813374707741e-14,kN,pass,independent native beam-FE cross-check of construction-stage equations
stage,3,superimposed,G3 superimposed maximum moment,84.150000000000816,84.15000000000002,7.9580786405131221e-13,9.4570156155829414e-15,kNm,pass,independent native beam-FE cross-check of construction-stage equations
stage,3,superimposed,G3 superimposed maximum deflection,0.65486010412855944,0.65486010412855378,5.6621374255882984e-15,8.6463313154846446e-15,mm,pass,independent native beam-FE cross-check of construction-stage equations
stage,4,precast_girder,G4 precast_girder left reaction,91.350000000000549,91.350000000000023,5.2580162446247414e-13,5.7559017456209195e-15,kN,pass,independent native beam-FE cross-check of construction-stage equations
stage,4,precast_girder,G4 precast_girder right reaction,91.350000000000549,91.349999999999994,5.5422333389287814e-13,6.0670315697085364e-15,kN,pass,independent native beam-FE cross-check of construction-stage equations
stage,4,precast_girder,G4 precast_girder maximum shear,91.350000000000549,91.350000000000023,5.2580162446247414e-13,5.7559017456209195e-15,kN,pass,independent native beam-FE cross-check of construction-stage equations
stage,4,precast_girder,G4 precast_girder maximum moment,342.56250000000097,342.56250000000011,8.5265128291212022e-13,2.4890385927009459e-15,kNm,pass,independent native beam-FE cross-check of construction-stage equations
stage,4,precast_girder,G4 precast_girder maximum deflection,9.0623295152589964,9.0623295152589805,1.5987211554602254e-14,1.7641392897580317e-15,mm,pass,independent native beam-FE cross-check of construction-stage equations
stage,4,deck_construction,G4 deck_construction left reaction,53.550000000000274,53.549999999999997,2.7711166694643907e-13,5.1748210447514037e-15,kN,pass,independent native beam-FE cross-check of construction-stage equations
stage,4,deck_construction,G4 deck_construction right reaction,53.54999999999982,53.549999999999997,1.7763568394002505e-13,3.3171929774047628e-15,kN,pass,independent native beam-FE cross-check of construction-stage equations
stage,4,deck_construction,G4 deck_construction maximum shear,53.550000000000274,53.549999999999997,2.7711166694643907e-13,5.1748210447514037e-15,kN,pass,independent native beam-FE cross-check of construction-stage equations
stage,4,deck_construction,G4 deck_construction maximum moment,200.81250000000131,200.8125,1.3073986337985843e-12,6.5105440836530385e-15,kNm,pass,independent native beam-FE cross-check of construction-stage equations
stage,4,deck_construction,G4 deck_construction maximum deflection,5.3124000606690656,5.3124000606690531,1.2434497875801753e-14,2.3406553975220949e-15,mm,pass,independent native beam-FE cross-check of construction-stage equations
stage,4,superimposed,G4 superimposed left reaction,22.439999999999991,22.440000000000001,1.0658141036401503e-14,4.7496172176477278e-16,kN,pass,independent native beam-FE cross-check of construction-stage equations
stage,4,superimposed,G4 superimposed right reaction,22.440000000000332,22.440000000000001,3.3040237212844659e-13,1.4723813374707741e-14,kN,pass,independent native beam-FE cross-check of construction-stage equations
stage,4,superimposed,G4 superimposed maximum shear,22.440000000000332,22.440000000000001,3.3040237212844659e-13,1.4723813374707741e-14,kN,pass,independent native beam-FE cross-check of construction-stage equations
stage,4,superimposed,G4 superimposed maximum moment,84.150000000000816,84.15000000000002,7.9580786405131221e-13,9.4570156155829414e-15,kNm,pass,independent native beam-FE cross-check of construction-stage equations
stage,4,superimposed,G4 superimposed maximum deflection,0.65486010412855944,0.65486010412855378,5.6621374255882984e-15,8.6463313154846446e-15,mm,pass,independent native beam-FE cross-check of construction-stage equations
stage,5,precast_girder,G5 precast_girder left reaction,91.350000000001458,91.350000000000023,1.4352963262354024e-12,1.5712056116424515e-14,kN,pass,independent native beam-FE cross-check of construction-stage equations
stage,5,precast_girder,G5 precast_girder right reaction,91.350000000000549,91.349999999999994,5.5422333389287814e-13,6.0670315697085364e-15,kN,pass,independent native beam-FE cross-check of construction-stage equations
stage,5,precast_girder,G5 precast_girder maximum shear,91.350000000001458,91.350000000000023,1.4352963262354024e-12,1.5712056116424515e-14,kN,pass,independent native beam-FE cross-check of construction-stage equations
stage,5,precast_girder,G5 precast_girder maximum moment,342.56250000000841,342.56250000000011,8.2991391536779702e-12,2.4226642302288681e-14,kNm,pass,independent native beam-FE cross-check of construction-stage equations
stage,5,precast_girder,G5 precast_girder maximum deflection,9.0623295152591687,9.0623295152589805,1.8829382497642655e-13,2.0777640523816423e-14,mm,pass,independent native beam-FE cross-check of construction-stage equations
stage,5,deck_construction,G5 deck_construction left reaction,53.550000000001184,53.549999999999997,1.1866063687193673e-12,2.2158849089063326e-14,kN,pass,independent native beam-FE cross-check of construction-stage equations
stage,5,deck_construction,G5 deck_construction right reaction,53.550000000000274,53.549999999999997,2.7711166694643907e-13,5.1748210447514037e-15,kN,pass,independent native beam-FE cross-check of construction-stage equations
stage,5,deck_construction,G5 deck_construction maximum shear,53.550000000001184,53.549999999999997,1.1866063687193673e-12,2.2158849089063326e-14,kN,pass,independent native beam-FE cross-check of construction-stage equations
stage,5,deck_construction,G5 deck_construction maximum moment,200.81250000000529,200.8125,5.2864379540551454e-12,2.6325243468683504e-14,kNm,pass,independent native beam-FE cross-check of construction-stage equations
stage,5,deck_construction,G5 deck_construction maximum deflection,5.3124000606691677,5.3124000606690531,1.1457501614131615e-13,2.1567467591453176e-14,mm,pass,independent native beam-FE cross-check of construction-stage equations
stage,5,superimposed,G5 superimposed left reaction,22.440000000000445,22.440000000000005,4.4053649617126212e-13,1.9631751166276888e-14,kN,pass,independent native beam-FE cross-check of construction-stage equations
stage,5,superimposed,G5 superimposed right reaction,22.440000000000332,22.440000000000005,3.2684965844964609e-13,1.4565492800786152e-14,kN,pass,independent native beam-FE cross-check of construction-stage equations
stage,5,superimposed,G5 superimposed maximum shear,22.440000000000445,22.440000000000005,4.4053649617126212e-13,1.9631751166276888e-14,kN,pass,independent native beam-FE cross-check of construction-stage equations
stage,5,superimposed,G5 superimposed maximum moment,84.150000000002038,84.150000000000034,2.0037305148434825e-12,2.3811414317806701e-14,kNm,pass,independent native beam-FE cross-check of construction-stage equations
stage,5,superimposed,G5 superimposed maximum deflection,0.6548601041285671,0.654860104128554,1.3100631690576847e-14,2.0005237161317177e-14,mm,pass,independent native beam-FE cross-check of construction-stage equations
stage,6,precast_girder,G6 precast_girder left reaction,91.350000000001458,91.349999999999994,1.4637180356658064e-12,1.602318594051213e-14,kN,pass,independent native beam-FE cross-check of construction-stage equations
stage,6,precast_girder,G6 precast_girder right reaction,91.350000000000549,91.349999999999994,5.5422333389287814e-13,6.0670315697085364e-15,kN,pass,independent native beam-FE cross-check of construction-stage equations
stage,6,precast_girder,G6 precast_girder maximum shear,91.350000000001458,91.350000000000009,1.4495071809506044e-12,1.5867621028468323e-14,kN,pass,independent native beam-FE cross-check of construction-stage equations
stage,6,precast_girder,G6 precast_girder maximum moment,342.56250000000841,342.5625,8.4128259913995862e-12,2.4558514114648801e-14,kNm,pass,independent native beam-FE cross-check of construction-stage equations
stage,6,precast_girder,G6 precast_girder maximum deflection,9.0623295152591687,9.0623295152589716,1.971756091734278e-13,2.1757717907015312e-14,mm,pass,independent native beam-FE cross-check of construction-stage equations
stage,6,deck_construction,G6 deck_construction left reaction,53.550000000000722,53.54999999999999,7.3185901783290319e-13,1.3666835066907438e-14,kN,pass,independent native beam-FE cross-check of construction-stage equations
stage,6,deck_construction,G6 deck_construction right reaction,53.550000000000502,53.54999999999999,5.1159076974727213e-13,9.5535157749256276e-15,kN,pass,independent native beam-FE cross-check of construction-stage equations
stage,6,deck_construction,G6 deck_construction maximum shear,53.550000000000722,53.54999999999999,7.3185901783290319e-13,1.3666835066907438e-14,kN,pass,independent native beam-FE cross-check of construction-stage equations
stage,6,deck_construction,G6 deck_construction maximum moment,200.81250000000529,200.81249999999997,5.3148596634855494e-12,2.6466777035719438e-14,kNm,pass,independent native beam-FE cross-check of construction-stage equations
stage,6,deck_construction,G6 deck_construction maximum deflection,5.3124000606691659,5.3124000606690513,1.1457501614131615e-13,2.1567467591453183e-14,mm,pass,independent native beam-FE cross-check of construction-stage equations
stage,6,superimposed,G6 superimposed left reaction,15.187058823529775,15.187058823529407,3.6770586575585185e-13,2.4211789131030025e-14,kN,pass,independent native beam-FE cross-check of construction-stage equations
stage,6,superimposed,G6 superimposed right reaction,15.18705882352949,15.187058823529407,8.3488771451811772e-14,5.4973627495576448e-15,kN,pass,independent native beam-FE cross-check of construction-stage equations
stage,6,superimposed,G6 superimposed maximum shear,15.187058823529775,15.187058823529407,3.6770586575585185e-13,2.4211789131030025e-14,kN,pass,independent native beam-FE cross-check of construction-stage equations
stage,6,superimposed,G6 superimposed maximum moment,56.951470588236852,56.951470588235267,1.5845103007450234e-12,2.7822113887122328e-14,kNm,pass,independent native beam-FE cross-check of construction-stage equations
stage,6,superimposed,G6 superimposed maximum deflection,0.44319959548053212,0.44319959548052307,9.0483176506950258e-15,2.041589780984464e-14,mm,pass,independent native beam-FE cross-check of construction-stage equations
stage,7,precast_girder,G7 precast_girder left reaction,85.275000000000361,85.275000000000006,3.5527136788005009e-13,4.166184319906756e-15,kN,pass,independent native beam-FE cross-check of construction-stage equations
stage,7,precast_girder,G7 precast_girder right reaction,85.274999999998542,85.275000000000006,1.4637180356658064e-12,1.7164679398015904e-14,kN,pass,independent native beam-FE cross-check of construction-stage equations
stage,7,precast_girder,G7 precast_girder maximum shear,85.275000000000361,85.275000000000006,3.5527136788005009e-13,4.166184319906756e-15,kN,pass,independent native beam-FE cross-check of construction-stage equations
stage,7,precast_girder,G7 precast_girder maximum moment,319.78125000000585,319.78125,5.8548721426632255e-12,1.8308991357883298e-14,kNm,pass,independent native beam-FE cross-check of construction-stage equations
stage,7,precast_girder,G7 precast_girder maximum deflection,8.4596622814856506,8.4596622814855973,5.3290705182007514e-14,6.2993891964974309e-15,mm,pass,independent native beam-FE cross-check of construction-stage equations
stage,7,deck_construction,G7 deck_construction left reaction,39.375,39.375,0,0,kN,pass,independent native beam-FE cross-check of construction-stage equations
stage,7,deck_construction,G7 deck_construction right reaction,39.375000000000227,39.375,2.2737367544323206e-13,5.7745695350661779e-15,kN,pass,independent native beam-FE cross-check of construction-stage equations
stage,7,deck_construction,G7 deck_construction maximum shear,39.375000000000227,39.375,2.2737367544323206e-13,5.7745695350661779e-15,kN,pass,independent native beam-FE cross-check of construction-stage equations
stage,7,deck_construction,G7 deck_construction maximum moment,147.65625000000165,147.65625,1.6484591469634324e-12,1.1164167767794551e-14,kNm,pass,independent native beam-FE cross-check of construction-stage equations
stage,7,deck_construction,G7 deck_construction maximum deflection,3.9061765151978589,3.9061765151978332,2.5757174171303632e-14,6.5939606341622166e-15,mm,pass,independent native beam-FE cross-check of construction-stage equations
stage,7,superimposed,G7 superimposed left reaction,87.352941176469628,87.352941176470608,9.8054897534893826e-13,1.1225139785139359e-14,kN,pass,independent native beam-FE cross-check of construction-stage equations
stage,7,superimposed,G7 superimposed right reaction,87.352941176470082,87.35294117647058,4.9737991503207013e-13,5.6939114852156186e-15,kN,pass,independent native beam-FE cross-check of construction-stage equations
stage,7,superimposed,G7 superimposed maximum shear,87.352941176470082,87.352941176470608,5.2580162446247414e-13,6.019277855799366e-15,kN,pass,independent native beam-FE cross-check of construction-stage equations
stage,7,superimposed,G7 superimposed maximum moment,327.5735294117593,327.57352941176487,5.5706550483591855e-12,1.7005815635843969e-14,kNm,pass,independent native beam-FE cross-check of construction-stage equations
stage,7,superimposed,G7 superimposed maximum deflection,2.8946214802290373,2.8946214802290933,5.595524044110789e-14,1.9330762527430476e-14,mm,pass,independent native beam-FE cross-check of construction-stage equations
cumulative,1,,G1 cumulative maximum shear,212.00294117647135,212.00294117647064,7.1054273576010019e-13,3.3515701801921891e-15,kN,pass,superposed native stage-beam FE cross-check
cumulative,1,,G1 cumulative maximum moment,795.01102941176873,795.01102941176418,4.5474735088646412e-12,5.7200131075279946e-15,kNm,pass,superposed native stage-beam FE cross-check
cumulative,1,,G1 cumulative maximum deflection,15.260460276912735,15.260460276912525,2.0961010704922955e-13,1.3735503598560835e-14,mm,pass,superposed native stage-beam FE cross-check
cumulative,2,,G2 cumulative maximum shear,160.08705882353274,160.08705882352942,3.3253400033572689e-12,2.0772072569731321e-14,kN,pass,superposed native stage-beam FE cross-check
cumulative,2,,G2 cumulative maximum moment,600.32647058825387,600.32647058823545,1.8417267710901797e-11,3.0678753333756717e-14,kNm,pass,superposed native stage-beam FE cross-check
cumulative,2,,G2 cumulative maximum deflection,14.81792917140891,14.817929171408556,3.5349501104064984e-13,2.3855898280490907e-14,mm,pass,superposed native stage-beam FE cross-check
cumulative,3,,G3 cumulative maximum shear,167.34000000000083,167.34,8.2422957348171622e-13,4.9254785077190876e-15,kN,pass,superposed native stage-beam FE cross-check
cumulative,3,,G3 cumulative maximum moment,627.52500000000305,627.52499999999998,3.0695446184836328e-12,4.891509690424474e-15,kNm,pass,superposed native stage-beam FE cross-check
cumulative,3,,G3 cumulative maximum deflection,15.02958968005662,15.029589680056587,3.3750779948604759e-14,2.2456221804504786e-15,mm,pass,superposed native stage-beam FE cross-check
cumulative,4,,G4 cumulative maximum shear,167.34000000000083,167.34,8.2422957348171622e-13,4.9254785077190876e-15,kN,pass,superposed native stage-beam FE cross-check
cumulative,4,,G4 cumulative maximum moment,627.52500000000305,627.52499999999998,3.0695446184836328e-12,4.891509690424474e-15,kNm,pass,superposed native stage-beam FE cross-check
cumulative,4,,G4 cumulative maximum deflection,15.02958968005662,15.029589680056587,3.3750779948604759e-14,2.2456221804504786e-15,mm,pass,superposed native stage-beam FE cross-check
cumulative,5,,G5 cumulative maximum shear,167.3400000000031,167.34000000000003,3.0695446184836328e-12,1.8343161339091525e-14,kN,pass,superposed native stage-beam FE cross-check
cumulative,5,,G5 cumulative maximum moment,627.52500000001578,627.52499999999998,1.5802470443304628e-11,2.5182216554406965e-14,kNm,pass,superposed native stage-beam FE cross-check
cumulative,5,,G5 cumulative maximum deflection,15.029589680056903,15.029589680056587,3.1619151741324458e-13,2.1037934111588298e-14,mm,pass,superposed native stage-beam FE cross-check
cumulative,6,,G6 cumulative maximum shear,160.08705882353195,160.08705882352939,2.5579538487363607e-12,1.5978517361331866e-14,kN,pass,superposed native stage-beam FE cross-check
cumulative,6,,G6 cumulative maximum moment,600.32647058825057,600.32647058823511,1.546140993013978e-11,2.5755002798709483e-14,kNm,pass,superposed native stage-beam FE cross-check
cumulative,6,,G6 cumulative maximum deflection,14.817929171408867,14.817929171408545,3.2152058793144533e-13,2.1698078335521943e-14,mm,pass,superposed native stage-beam FE cross-check
cumulative,7,,G7 cumulative maximum shear,212.00294117646999,212.00294117647064,6.5369931689929217e-13,3.0834445657768243e-15,kN,pass,superposed native stage-beam FE cross-check
cumulative,7,,G7 cumulative maximum moment,795.0110294117668,795.0110294117643,2.5011104298755527e-12,3.1460072091404048e-15,kNm,pass,superposed native stage-beam FE cross-check
cumulative,7,,G7 cumulative maximum deflection,15.260460276912546,15.260460276912525,2.1316282072803006e-14,1.3968308744299327e-15,mm,pass,superposed native stage-beam FE cross-check
